Category,Subcategory,Batch Number,Perceptual Hash,Image Filename
Abstract,main,1,cb22397f8643d0bc,20ed86c1ce0ebd2e1bdf8f6a121be2db.jpg
Abstract,main,1,83c0ba83f8b72c1f,2c6f5285950e42b98fff34a74f16907a.jpg
Abstract,main,1,cb8e5940b3d0f2ad,3246006d203645b5b0a76a8688c4c1b6.jpg
Abstract,main,1,c2d20d32720f7b76,324abe3bf7424fdcb3ff4f3010220495.jpg
Abstract,main,1,d7247a1eb32c7321,5710d0c24ad5461a0908944e4b1c22ff.png
Abstract,main,1,90f3c8c97627cccc,5ad94062e0554ac79c37281fc6070ed9.jpg
Abstract,main,1,bea57813f1589634,7dc9380427de40d4bfcfbebe4dff0635.jpg
Abstract,main,1,eb409d1e328bc9d5,88a758bb68f9ce92152f9e814d777c08.png
Abstract,main,1,c33b0c267153e66e,8ceb315506a12164920b402735541d06.png
Abstract,main,1,e5c79e837c840cda,97d2cfb4444209e15a28d0558fdce1b0.png
Abstract,main,1,de48e65b933680d3,9d2fea70-675d-4310-a890-45c9c771f6c4.jpeg
Abstract,main,1,90dcfea080ff33a8,9e561ad0997cc0c7f27189e3fafdb523.png
Abstract,main,1,adcc9cd0e3f1c161,a39b6731954bffa94a3b0a9f3bb655d7.png
Abstract,main,1,db2639748643d8bc,b470dda820995282ff20ec5eed76a1c7.png
Abstract,main,1,c2302f2f7ccdb60c,c660f45d3c603eabefab66ed997b87ec.png
Abstract,main,1,fc67cf868618e06c,c997d9c8456a45698bb925dbd6cd9d63.jpg
Abstract,main,2,df22bc5883dc82dc,d80e2f85-22d8-45b4-9252-df2b582a62fd.jpeg
Abstract,main,2,9794781ae5659e86,f3ace02b5cab49ddaebe7e63be943b5d.jpg
Abstract,main,2,93c33f4caff2c210,fdcedc031dd74948a40e3710708f8114.jpg
Abstract,main,2,ef59a4e8822589cf,file.png
Abstract,main,2,cd1025d7a7ec7294,IMG_20241211_000023.png
Abstract,main,2,85dbd0a577243cd8,IMG_4033.png
Abstract,main,2,c64b39966931ce2e,IMG_4147.jpg
Abstract,main,2,cd183073b367c78c,Painting_2024-12-29_03-20-42_Gallery-4k.jpg
Abstract,main,2,e6d98893b591a5b2,RenderedImage.jpg
Abstract,main,2,e13ff568860b0ea3,VRChat_2024-07-11_21-16-07.235_2560x1440.png
Abstract,main,2,d0d03c2f272f9bd0,VRChat_2024-07-13_00-11-17.230_1920x1080.png
Abstract,main,2,a48b6a600ffa233f,VRChat_2024-07-23_22-52-37.130_3840x2160.jpg
Abstract,main,2,94c967307a1f42ee,VRChat_2024-07-30_23-22-20.518_3840x2160.png
Abstract,main,2,b2c2cd3831e7c798,VRChat_2024-08-05_15-40-52.873_3840x2160.png
Abstract,main,2,cd4c3033cfdc0d65,VRChat_2024-09-27_22-31-19.220_1920x1080.png
Abstract,main,2,d1144d2f26573d5c,VRChat_2024-10-16_22-04-03.830_1920x1080.png
Fan art,main,1,edc651d1d18c2d27,0b66b59b33d5459db51e097af3087f0c.jpg
Fan art,main,1,be9fc1688ec7c026,1ae0affd8594ac730efbb1f88d1bf908.png
Fan art,main,1,e1a7da4aa1596725,28fd3c576c454d7ca3481bbfb07f91f7.jpg
Fan art,main,1,bce22ba5c9c10bb5,42b3967ab0ae4f74a437a4e5997b2513.jpg
Fan art,main,1,de593165c7269b24,49388e06462d4ce0adfd0204735ba8ed.jpg
Fan art,main,1,c68f1c713813c6fc,6e7f952e769301fbc9d0d2d6df393579.png
Fan art,main,1,983813b752656776,798a2ef180dc422ba0ec551c862da1ef.jpg
Fan art,main,1,cccc32f23332d917,7dafad7de6405ca12c30fdb4ce7c4acb.png
Fan art,main,1,bca9c2c28787d8da,9b6fe8b45a794856a8c654bb25392429.jpg
Fan art,main,1,bfe030d287c3cb1c,b36603200f4a19335a849187e613e823.png
Fan art,main,1,dfd86c0209fe6e44,Bowie.png
Fan art,main,1,9a304b787ae7389c,f7a7b024af2ffd7785ade19e47b472c4.png
Fan art,main,1,aad225a79c03b4ed,IMG_0167.jpg
Fan art,main,1,adb861c49ec112df,IMG_20241214_195605.png
Fan art,main,1,d8339cc23f8be407,IMG_4319.jpg
Fan art,main,1,e8cc173760b2bda8,Jason.png
Fan art,main,2,fd87c09065a87a6d,Jurassic.png
Fan art,main,2,e040c1c73c9f3b9d,keepr.png
Fan art,main,2,a94ad6258df4dad0,Leatherface.png
Fan art,main,2,87c7399e3a30d8e1,Meg.png
Fan art,main,2,c19f626e3d512726,Screenshot_20241231_171019_X.jpg
Fan art,main,2,df0f05f85054ed0e,VRChat_2022-12-30_19-52-23.633_1920x1080.png
Fan art,main,2,adb239e8a653a166,VRChat_2023-01-06_16-04-45.138_1920x1080.png
Fan art,main,2,865f981f70f05ea1,VRChat_2023-01-09_18-51-03.795_1920x10801.png
Fan art,main,2,9b96253364ccc7cc,VRChat_2023-04-03_00-20-04.480_1920x1080.png
Fan art,main,2,e433c164169eded8,VRChat_2024-09-21_21-22-06.275_1920x1080.png
Fan art,main,2,e9b1b2a6a58dc968,VRChat_2024-09-27_19-58-25.244_3840x2160.png
Fan art,main,2,d3dd2ca4534b4c74,VRChat_2024-09-30_00-32-53.563_1920x1080a.png
Fan art,main,2,c04f3fb2d04b0f95,VRChat_2024-10-28_03-19-25.243_1920x1080a.png
Fan art,main,2,98656a962d999c6b,VRChat_2024-10-30_07-59-01.911_1920x10801.png
Fan art,main,2,b525a56e4a5a5a6a,VRChat_2024-11-06_23-58-42.526_1920x1080a.png
Fan art,main,2,cc3727e6d813c076,VRChat_2024-11-14_19-29-44.820_1920x1080.png
Fan art,main,3,b289cc366366939d,VRChat_2024-11-14_22-06-44.686_1920x1080.png
Fan art,main,3,eef5959018d2e12d,VRChat_2024-11-17_00-22-47.732_1920x1080-1.png
Fan art,main,3,d6923959296cc6e5,VRChat_2024-11-17_23-56-10.729_1920x1080a.png
Fan art,main,3,efca903d1f813b82,VRChat_2024-11-27_23-43-55.842_1920x1080a.png
Fan art,main,3,a6acd8f1668e81c7,VRChat_2024-11-28_03-48-32.044_1920x1080.png
Fan art,main,3,d40b7ccc3394f233,VRChat_2024-11-29_19-44-13.704_1920x1080.png
Fan art,main,3,81dc7e21e1879e3c,VRChat_2024-12-01_15-49-35.401_1920x1080.png
Fan art,main,3,b992c44db362b49b,VRChat_2024-12-03_02-17-32.038_1920x1080.png
Fan art,main,3,b3cb928ccd85b4d8,VRChat_2024-12-18_21-23-34.537_1920x1080.png
Fan art,main,3,8c632897f61d1771,VRChat_2025-01-04_12-14-06.343_1920x1080.png
Fan art,main,3,e1f2240f1f2eb38c,VRChat_2025-01-04_21-47-19.832_2560x1440.png
Fan art,main,3,db69a66396941d91,VRChat_2025-01-05_21-14-32.png
Fan art,main,3,c6c90bb47c8e7368,VRChat_2025-01-08_16-21-30.349_1920x1080copy.png
Fan art,main,3,bca480774b48bdb9,VRChat_2025-01-08_22-25-43.690_2560x1440.png
Fan art,main,3,ef00fe11f712f806,VRChat_2025-01-10_21-50-19.239_1920x1080.png
Fan art,main,3,f4e495097a9e4939,VRChat_2025-01-14_06-01-59.530_1920x1080.png
Nature,main,1,ea3cc6b96022fec8,060309338a207add0825d88e62c45a42.png
Nature,main,1,d0c2cb6a3e1d0d6d,27bb76552a926ee16ea2a9f4755d4122.png
Nature,main,1,d928e66019fce663,64e3633711b023b5cd4ad1d41c9216f0.png
Nature,main,1,bfd2c48d9b926069,78eea6a0994042cdb078fbb5903c3cb2.png
Nature,main,1,f5ca8d74620fda11,8cd236b75da04465a1f53971172530f1.jpg
Nature,main,1,c9e636c9b611e196,952b71f7832a43f5aa5802a0a45a3841.jpg
Nature,main,1,c4c23b3ba9583ac7,a2abc9ac10b941b9a8e2d92a9728c3a5.jpg
Nature,main,1,d8eb7e82e1922e98,c4fabe3202923f55da90ebfb5c70ab69.png
Nature,main,1,a6aaa969469696b5,c753199fa3a147dedf98791821f5b906.png
Nature,main,1,c9ae1649eb1436e9,ebfbcc3b790b449bb0d7a8221bbbf094.jpg
Nature,main,1,f577dd930852d0a2,f527f94f27b062416d5c8993aa3b11be.png
Nature,main,1,89f303937358da2d,file.png
Nature,main,1,91d96f2f5670309c,IMG_20241210_170540.jpg
Nature,main,1,cc3cf2732ad0669c,IMG_4223.jpg
Nature,main,1,cbc23f2cccb2310f,Screenshot_20241112_190151.jpg
Nature,main,1,86306cdbc2c65e7c,VRChat_2023-05-14_04-05-30.png
Nature,main,2,8bcc697236c03eda,VRChat_2024-03-29_17-53-56.090_1920x1080.png
Nature,main,2,876159663e385a6e,VRChat_2024-05-21_22-54-55.421_1920x1080.png
Nature,main,2,998164dcc6e31d7a,VRChat_2024-07-10_02-22-20.561_1920x1080.png
Nature,main,2,e96d27da920d6952,VRChat_2024-07-24_22-49-44.025_1920x1080.png
Nature,main,2,c10d7fa074726b5a,VRChat_2024-07-27_21-53-47.620_3840x2160.png
Nature,main,2,c2973d68b037cbc4,VRChat_2024-07-30_01-13-38.663_1920x1080.png
Nature,main,2,8f5870678e4ba4da,VRChat_2024-08-06_23-49-11.515_1920x1080.png
Nature,main,2,cb743e8be0225f89,VRChat_2024-08-12_00-55-53.795_1920x1080.png
Nature,main,2,8c354a9a26d3679b,VRChat_2024-08-13_21-46-37.888_1920x1080.png
Nature,main,2,f86596c6bc488b9c,VRChat_2024-08-15_22-13-29.889_1920x1080.png
Nature,main,2,c9893726de995962,VRChat_2024-08-15_23-55-07.602_1920x1080.png
Nature,main,2,c9c336f8c11f3ec0,VRChat_2024-08-17_23-35-18.954_1920x1080.png
Nature,main,2,d81839e5c49a9be3,VRChat_2024-08-25_00-26-47.185_1920x1080.png
Nature,main,2,cdb91e21f21be618,VRChat_2024-09-04_23-12-23.581_1920x1080.png
Nature,main,2,8dd072a5ccda3723,VRChat_2024-09-05_19-43-48.854_1920x1080.png
Nature,main,2,9393b3e6646c2d19,VRChat_2024-09-08_23-47-19.187_1920x1080.png
Nature,main,3,c69f686111e2b66b,VRChat_2024-09-21_16-39-25.345_1920x1080.png
Nature,main,3,b2c4c4c7c1398e77,VRChat_2024-09-22_22-43-05.649_1920x1080.png
Nature,main,3,bbbbf6a44850254b,VRChat_2024-10-01_21-38-42.266_1920x1080.png
Nature,main,3,95ebca946511436f,VRChat_2024-10-01_22-20-29.583_1920x1080.png
Nature,main,3,80fd87609c6eb1d3,VRChat_2024-10-02_22-00-13.734_1920x1080.png
Nature,main,3,8391384f4bb8a72f,VRChat_2024-10-13_23-53-08.724_1920x1080.png
Nature,main,3,ab3ed6a1064bc897,VRChat_2024-10-14_02-58-08.351_1920x1080.png
Nature,main,3,aedac227e1e112ce,VRChat_2024-10-17_03-15-05.314_2560x1440.png
Nature,main,3,d26a65e42aa72bd1,VRChat_2024-10-18_22-12-28.070_1920x1080.png
Nature,main,3,c5c4a590c8cec7dd,VRChat_2024-10-23_22-02-25.877_2560x1440.png
Nature,main,3,90b9cda0cddf038b,VRChat_2024-10-26_07-18-21.669_1920x1080a.png
Nature,main,3,e1a11a53e1939b73,VRChat_2024-10-26_22-39-19.119_1920x1080b.png
Nature,main,3,8cb7d1c8b3dcd092,VRChat_2024-10-28_20-38-54.638_2560x1440.png
Nature,main,3,de6132de403bbec0,VRChat_2024-11-03_23-48-20.355_1920x1080.png
Nature,main,3,d53997d2159456a5,VRChat_2024-11-04_19-59-23.608_3840x2160.png
Nature,main,3,9ee3290d53765551,VRChat_2024-11-07_04-22-46.114_1920x1080.png
Sketches,main,1,98bdf3498784cc4b,11b12987256143bf846f602898b54afb.jpg
Sketches,main,1,ce6e34d3333029cd,1aae3bf49d194856a4af2fd55fb54c84.jpg
Sketches,main,1,faa7d0852956219f,276da8aaf690bb961509f9090661df27.png
Sketches,main,1,be0c2e8caf2be207,4608c02863f348fa8275b2b488f6a6df.jpg
Sketches,main,1,f48f02406d9fb2d6,5a5d5e903c1549c88927a9e5a3bfc25d.jpg
Sketches,main,1,c1c16fd8c9dadb40,5b42dc872f2f41a0b976bb2b1495c8d7.jpg
Sketches,main,1,fa5ba3a3a286968c,a16d5080781043b08c59e4634ca7c98b.jpg
Sketches,main,1,b29249c759c58e6d,a8d9fc7ff68b4dffb60aac12f6ecc168.jpg
Sketches,main,1,ca6858a460bb7d7c,aa61f2358b9a4c4bbd746c58a25cd524.jpg
Sketches,main,1,f3846897603dd36c,cbe1fa76d6d543af8c96f5e42dac38f9.jpg
Sketches,main,1,eab5d1d86163164e,d25af07c19dd4bd795f162e5f6c9e28f.jpg
Sketches,main,1,b4d3c8e9c39e6126,f09a3116cd984fbdbd2adbaa5c9ee5e8.jpg
Sketches,main,1,bd0e58ca1e510f75,IMG_0168.jpg
Sketches,main,1,f4cbe1a8d61f42c1,IMG_1214.png
Sketches,main,1,e8f89732e6c541cc,VRChat_2024-11-14_17-28-13.164_1920x1080.png
Sketches,main,1,a29ff9b9c1c0c0c7,VRChat_2024-12-03_00-28-06.238_2560x1440.png
